Resume,Score
V G Roopa Resume (1).pdf,0.23203653007602434
VG Roopa infy.pdf,0.162670061116401
